1,Cherilyn,refrigerado,liquida,842154
2,Merralee,normal,gas,7665508
3,Charlotte,inflamable,solida,9138424
4,Johan,normal,solida,6423622
5,Renie,inflamable,liquida,2423397
6,Griselda,normal,solida,96277
7,Pietro,inflamable,solida,9133761
8,Cornie,normal,gas,127935
9,Dory,refrigerado,solida,4018009
10,Mara,normal,gas,4951271
11,Margalo,normal,solida,679047
12,Rosemonde,normal,liquida,8068182
13,Obie,normal,liquida,8938371
14,Morly,inflamable,liquida,7873764
15,Darcy,inflamable,gas,270066